country,1961,1962,1963,1964,1965,1966,1967,1968,1969,1970,1971,1972,1973,1974,1975,1976,1977,1978,1979,1980,1981,1982,1983,1984,1985,1986,1987,1988,1989,1990,1991,1992,1993,1994,1995,1996,1997,1998,1999,2000,2001,2002,2003,2004,2005,2006,2007,2008,2009,2010,2011,2012,2013,2014,2015,2016
Afghanistan,3700000,3700000,3380000,3730000,3790000,3490000,3830000,3920000,4040000,3510000,3320000,3950000,4270000,4350000,4480000,4620000,4150000,4380000,4210000,4070000,3890000,3720000,3590000,3420000,3240000,3080000,3390000,3000000,2830000,2710000,2720000,2470000,2980000,3140000,3240000,3240000,3680000,3880000,3260000,1940000,2110000,3740000,4380000,3560000,5430000,4640000,5790000,3950000,6510000,5960000,4680000,6380000,6520000,6750000,5810000,5540000
Albania,294000,314000,293000,350000,335000,433000,487000,502000,529000,539000,547000,586000,625000,646000,667000,857000,910000,933000,964000,881000,904000,970000,1070000,1040000,995000,1050000,1030000,998000,1030000,897000,446000,429000,666000,646000,645000,504000,602000,606000,498000,566000,503000,519000,489000,499000,511000,508000,494000,609000,631000,694000,701000,697000,703000,700000,695000,698000
Algeria,938000,2370000,2320000,1490000,1740000,776000,1640000,2130000,1850000,2060000,1740000,2360000,1600000,1480000,2680000,2310000,1140000,1540000,1620000,2420000,1830000,1520000,1290000,1460000,2920000,2400000,2070000,1040000,2010000,1630000,3810000,3330000,1450000,965000,2140000,4900000,870000,3030000,2020000,935000,2660000,1950000,4270000,4030000,3530000,4020000,3600000,1540000,5250000,4210000,4250000,5140000,4910000,3440000,3760000,3450000
Angola,544000,543000,515000,564000,562000,502000,515000,526000,648000,576000,523000,513000,549000,514000,558000,563000,430000,475000,361000,435000,316000,315000,337000,321000,308000,341000,364000,334000,272000,249000,372000,402000,322000,285000,296000,519000,448000,610000,541000,520000,601000,734000,737000,742000,915000,723000,781000,755000,1060000,1180000,1410000,510000,1670000,1820000,2020000,1640000
Antigua and Barbuda,,,,,,30,18,30,45,60,80,92,28,37,60,51,30,35,96,29,45,59,68,29,38,40,48,57,60,50,55,51,50,49,45,48,49,49,49,48,50,50,55,60,61,65,65,68,66,64,72,70,72,74,75,76
Argentina,14500000,14000000,17300000,20800000,13800000,17300000,19600000,16300000,18500000,19900000,22000000,18800000,23900000,23600000,23000000,24900000,22500000,27700000,25100000,18700000,30000000,34300000,31700000,31800000,28100000,26100000,22900000,22300000,18100000,19100000,22700000,25600000,25400000,23700000,26200000,24100000,36900000,40300000,32200000,38100000,36600000,34900000,32300000,34500000,41600000,32300000,42400000,44700000,26000000,40300000,50700000,47400000,50700000,55900000,55700000,67000000
Armenia,,,,,,,,,,,,,,,,,,,,,,,,,,,,,,,,300000,306000,228000,248000,313000,254000,323000,292000,217000,360000,408000,305000,452000,392000,209000,448000,409000,369000,322000,435000,451000,544000,575000,596000,599000
Australia,9150000,11100000,11800000,13000000,9680000,16600000,9870000,18900000,14300000,12900000,14800000,10800000,17000000,16400000,17800000,17400000,14400000,25300000,23300000,16400000,23700000,14200000,31100000,28600000,24900000,24000000,19900000,21900000,22400000,23000000,18700000,25300000,26800000,15400000,27400000,35600000,31200000,33300000,35400000,34400000,34700000,38600000,17600000,42400000,34400000,40500000,17800000,26900000,34100000,33500000,40000000,43400000,35600000,38400000,37200000,35200000
Austria,2270000,2310000,2230000,2350000,2020000,2650000,2930000,3050000,3410000,3070000,3550000,3320000,3790000,4010000,3700000,4280000,4200000,4630000,3980000,4830000,4360000,5030000,5080000,5350000,5550000,5110000,4960000,5360000,5010000,5290000,5040000,4320000,4210000,4440000,4450000,4490000,5010000,4770000,4810000,4490000,4840000,4760000,4270000,5320000,4910000,4470000,4770000,5760000,5160000,4870000,5710000,4880000,4600000,5720000,4850000,5700000
Azerbaijan,,,,,,,,,,,,,,,,,,,,,,,,,,,,,,,,1330000,1140000,1020000,910000,999000,1070000,916000,1070000,1500000,1960000,2130000,1990000,2090000,2060000,2010000,1940000,2420000,2900000,1930000,2370000,2710000,2860000,2300000,2900000,2970000
Bahamas,100,150,200,250,300,430,450,470,490,510,530,550,580,595,610,625,640,730,720,719,720,740,750,800,820,820,750,700,700,750,750,500,400,312,312,312,348,377,379,312,300,305,340,355,360,380,400,500,600,678,687,690,633,438,288,164
Bangladesh,14500000,13400000,16000000,15800000,15900000,14500000,16900000,17200000,18200000,16900000,15100000,15300000,18000000,17100000,19300000,17900000,19800000,20000000,19700000,21700000,21600000,22300000,23000000,23300000,24100000,24300000,24300000,24400000,27900000,27700000,28300000,28500000,28200000,26300000,27700000,29600000,29700000,31600000,36400000,39500000,38000000,39300000,40000000,37800000,41100000,42000000,44800000,48900000,49700000,51900000,52600000,52800000,54300000,55800000,54900000,56400000
Barbados,716,899,708,508,560,830,1000,1450,1750,1600,1400,2070,2000,2000,2000,2000,2000,2000,2000,2000,2000,2000,2000,2400,2000,2100,2100,2200,2200,2300,2100,1800,1600,1300,1100,800,650,520,390,300,250,218,263,250,260,270,280,269,262,259,269,320,340,81,122,96
Belarus,,,,,,,,,,,,,,,,,,,,,,,,,,,,,,,,7140000,7330000,5950000,5330000,5500000,5940000,4510000,3430000,4580000,4890000,5730000,5130000,6610000,6110000,5700000,7030000,8730000,8170000,6740000,8000000,8850000,7230000,9030000,8190000,7080000
Belgium,,,,,,,,,,,,,,,,,,,,,,,,,,,,,,,,,,,,,,,,2510000,2360000,2640000,2560000,2930000,2790000,2680000,2720000,3110000,3260000,3040000,2940000,2960000,3100000,3160000,3160000,2290000
Belize,4850,3250,3860,5080,5820,4480,8330,9890,11200,19400,20400,20400,24300,20300,16600,24400,25600,25900,22100,27400,32000,29100,23700,21800,25200,22900,27800,28700,28600,29800,42000,38100,43600,34400,43300,55900,59900,52200,62300,47900,57300,56400,60000,53900,71800,53400,70200,59500,87300,98500,91800,91600,112000,94500,81000,91600
Benin,290000,287000,279000,295000,287000,262000,314000,292000,275000,285000,238000,272000,344000,335000,299000,278000,326000,418000,389000,346000,362000,352000,351000,483000,535000,497000,401000,557000,565000,546000,585000,609000,625000,645000,734000,714000,877000,867000,974000,993000,943000,1090000,1040000,1110000,1150000,1100000,1160000,1270000,1510000,1330000,1540000,1580000,1790000,1710000,1640000,1810000
Bhutan,98400,101000,104000,107000,110000,113000,116000,120000,123000,126000,129000,132000,135000,138000,141000,144000,147000,150000,154000,158000,164000,166000,172000,179000,167000,164000,140000,94900,94800,121000,105000,103000,117000,132000,150000,162000,170000,168000,151000,107000,115000,91400,106000,154000,193000,185000,191000,166000,144000,145000,184000,168000,160000,167000,167000,169000
Bolivia,411000,418000,450000,381000,455000,435000,430000,481000,503000,479000,511000,491000,498000,516000,592000,632000,557000,558000,596000,626000,766000,700000,497000,866000,973000,839000,865000,834000,845000,793000,902000,952000,1110000,957000,1090000,1140000,945000,1160000,1140000,1240000,1320000,1320000,1460000,1260000,1660000,1870000,1730000,2050000,2380000,2130000,1990000,2130000,2500000,2450000,2930000,2670000
Bosnia and Herzegovina,,,,,,,,,,,,,,,,,,,,,,,,,,,,,,,,1080000,962000,847000,671000,841000,1240000,1330000,1370000,930000,1140000,1310000,793000,1440000,1350000,1340000,1000000,1370000,1390000,1100000,1120000,906000,1220000,1080000,1140000,1660000
Botswana,62200,16900,18600,11500,11600,35500,65500,25900,50100,11500,96400,79500,34500,111000,67100,123000,73600,34200,9750,45900,54200,19300,16800,9530,20700,23500,24300,108000,77300,54400,52300,22500,46400,55400,62800,89500,43900,14900,20900,24600,23100,34500,35900,26700,36500,43800,31300,36800,55400,50300,74000,37500,19400,50200,43600,44800
Brazil,15000000,15900000,16600000,16500000,20400000,17900000,20300000,20400000,20500000,23700000,22800000,22700000,23700000,26200000,26200000,31100000,30900000,24000000,27100000,33200000,32100000,33800000,29200000,32700000,36000000,37300000,44100000,42900000,43900000,32500000,36700000,44100000,43100000,45800000,49600000,42400000,44900000,40700000,47600000,46500000,57100000,50900000,67500000,64000000,55700000,59100000,69400000,79700000,70900000,75200000,77600000,89900000,101000000,101000000,106000000,84100000
Brunei,4910,5250,3870,3440,2950,3410,5520,5520,6780,6780,4380,4000,6120,9770,9880,7230,4260,3840,4620,2750,2490,2370,2680,3270,1080,1540,1080,1930,1560,930,880,740,790,785,508,446,446,446,200,299,350,372,547,620,851,886,983,911,891,1070,1480,1760,1240,1270,1580,1670
Bulgaria,4400000,4470000,4510000,5230000,5310000,6820000,6530000,5290000,6080000,6790000,7080000,8150000,7330000,6610000,7710000,8490000,7580000,7490000,8290000,7650000,8450000,9970000,7930000,9250000,5380000,8490000,7280000,7820000,9530000,8130000,8980000,6590000,5700000,6450000,6550000,3400000,6190000,5380000,5220000,4390000,6080000,6770000,3810000,7460000,5840000,5530000,4200000,7020000,6240000,7140000,7520000,6990000,9150000,9530000,8570000,8750000
Burkina Faso,726000,895000,918000,1010000,953000,1000000,1040000,1080000,1040000,1070000,884000,880000,831000,1090000,1250000,996000,1110000,1170000,1180000,1050000,1270000,1210000,1120000,1090000,1580000,1890000,1640000,2100000,1950000,1520000,2450000,2480000,2530000,2230000,2310000,2480000,2010000,2660000,2700000,2280000,3110000,3120000,3560000,2900000,3650000,3680000,3110000,4360000,3630000,4560000,3670000,4900000,4870000,4470000,4190000,4740000
Burundi,130000,129000,130000,149000,148000,152000,155000,165000,162000,169000,172000,155000,176000,143000,179000,182000,186000,202000,213000,217000,227000,221000,227000,224000,256000,266000,279000,292000,296000,293000,300000,306000,300000,225000,269000,273000,305000,261000,265000,255000,284000,292000,283000,291000,297000,297000,302000,298000,311000,323000,338000,257000,254000,237000,251000,441000
Cambodia,2560000,2190000,2810000,2960000,2640000,2510000,2610000,3410000,2620000,3950000,2850000,2010000,1120000,705000,1150000,1180000,1080000,1080000,608000,1820000,1580000,2000000,2080000,1310000,1850000,2140000,1850000,2540000,2730000,2590000,2460000,2280000,2430000,2270000,3500000,3470000,3460000,3560000,4140000,4180000,4280000,3970000,5030000,4430000,6230000,6640000,7250000,7790000,8510000,9020000,9500000,10200000,10300000,9870000,9740000,10200000
Cameroon,704000,689000,701000,694000,673000,726000,631000,644000,788000,738000,799000,778000,770000,860000,1100000,835000,847000,887000,872000,892000,835000,961000,889000,657000,815000,1090000,715000,900000,858000,816000,995000,1020000,987000,961000,1180000,1300000,1270000,1410000,1190000,1280000,1360000,1500000,1590000,1680000,1870000,2100000,2370000,2470000,2820000,3010000,2990000,3230000,3200000,3360000,3660000,3960000
Canada,16700000,29300000,34100000,28500000,32200000,38700000,30100000,34400000,35900000,28600000,38900000,35500000,36600000,30900000,37100000,44700000,42200000,41900000,36000000,41400000,50900000,53300000,47400000,42800000,48200000,57000000,51600000,35500000,48100000,56800000,53900000,49600000,51500000,46600000,49300000,58500000,49600000,51000000,54100000,51100000,43400000,36000000,49200000,50800000,51000000,48600000,48000000,56000000,49700000,45800000,47700000,51800000,66400000,51500000,53400000,55300000
Cape Verde,13000,13000,13000,13000,17000,19000,22000,11000,7000,924,910,575,714,2200,4000,5000,1500,1000,6000,8500,3000,4400,2700,2530,1320,12100,21200,16500,9710,11400,8260,10300,11900,8160,8170,10200,4900,4880,36400,24300,19500,5070,12200,10000,3650,6380,4430,8040,7380,7050,5570,6000,5790,1070,8680,5640
Central African Republic,68000,83300,84300,87000,88500,85500,89600,92800,99500,92200,95500,99900,104000,101000,94700,96000,93000,92900,93100,99900,116000,120000,103000,102000,111000,178000,126000,143000,124000,89100,91500,93900,93600,101000,113000,126000,138000,148000,161000,166000,183000,193000,202000,210000,231000,227000,237000,236000,251000,249000,258000,259000,201000,133000,132000,143000
Chad,756000,695000,950000,770000,664000,704000,725000,721000,715000,676000,664000,485000,468000,594000,591000,590000,620000,641000,550000,573000,401000,393000,450000,355000,705000,635000,549000,808000,617000,601000,812000,976000,617000,1170000,907000,878000,986000,1290000,1250000,930000,1320000,1210000,1620000,1210000,1820000,2000000,1970000,1930000,1580000,3250000,1660000,3170000,2620000,2750000,2450000,2870000
Chile,1480000,1390000,1560000,1660000,1620000,1910000,1890000,1960000,1590000,1840000,1930000,1830000,1320000,1650000,1670000,1410000,1980000,1480000,1940000,1750000,1540000,1450000,1440000,2120000,2360000,2670000,2820000,2800000,3150000,2980000,2860000,2900000,2640000,2620000,2770000,2580000,3080000,3100000,2170000,2590000,3120000,3380000,3690000,4000000,3990000,3570000,2860000,3300000,3130000,3590000,3950000,3460000,4000000,3480000,3790000,3870000
China,107000000,118000000,135000000,149000000,159000000,175000000,178000000,174000000,173000000,198000000,209000000,203000000,219000000,231000000,241000000,247000000,240000000,270000000,290000000,277000000,283000000,312000000,342000000,363000000,337000000,349000000,356000000,349000000,365000000,402000000,396000000,402000000,405000000,394000000,416000000,451000000,443000000,456000000,453000000,405000000,396000000,397000000,375000000,412000000,428000000,451000000,456000000,479000000,482000000,496000000,519000000,539000000,553000000,557000000,572000000,581000000
Colombia,1480000,1620000,1550000,1830000,1810000,1810000,1780000,1950000,1840000,1890000,2120000,2230000,2350000,2850000,2840000,2910000,2670000,3420000,3380000,3220000,3410000,3620000,3380000,3260000,3140000,3070000,3600000,3550000,4010000,4310000,3950000,3670000,3520000,3630000,3440000,3180000,3210000,2890000,3410000,3620000,3550000,3630000,4290000,4440000,4100000,3690000,4020000,4330000,4180000,3540000,3800000,4270000,3820000,4050000,3990000,3820000
Comoros,11300,11300,12300,13600,15000,16300,15500,14500,13500,13500,11500,12600,13700,14800,16000,16200,17600,18000,18000,18200,18300,18200,18000,16700,16600,17000,16500,16500,18600,18700,19600,20100,20600,20600,20800,21000,21100,21300,21100,19700,21000,21300,21800,22100,22200,24300,21500,24700,26200,29300,32000,32400,35200,37100,38200,40100
"Congo, Dem. Rep.",503000,492000,457000,459000,448000,533000,558000,654000,646000,666000,672000,702000,712000,736000,759000,773000,780000,771000,869000,889000,941000,981000,1010000,1060000,1140000,1190000,1260000,1330000,1410000,1490000,1460000,1500000,1610000,1660000,1480000,1560000,1530000,1620000,1590000,1570000,1550000,1520000,1520000,1520000,1520000,1520000,1530000,1530000,1530000,1530000,1530000,1550000,1550000,1540000,1540000,1540000
"Congo, Rep.",5000,5050,8800,9000,10000,11000,12000,15500,10000,8000,10000,11700,12200,18400,20700,20900,21000,13500,20000,11700,13400,8470,12400,14400,16000,22100,19900,20800,21700,6010,6230,6440,8660,8910,11100,11700,11900,12800,9540,9770,18000,19200,22200,22100,22100,21700,21300,23000,23900,24800,25300,26300,27800,28500,28300,29200
Costa Rica,119000,132000,135000,150000,169000,177000,189000,199000,179000,162000,174000,177000,186000,201000,283000,272000,294000,313000,326000,348000,336000,256000,372000,363000,381000,342000,299000,315000,246000,287000,265000,242000,209000,240000,210000,266000,282000,263000,292000,285000,229000,201000,198000,210000,196000,207000,199000,234000,284000,287000,297000,232000,239000,235000,204000,213000
Cote d'Ivoire,294000,451000,441000,479000,482000,525000,621000,626000,618000,592000,711000,586000,613000,694000,838000,780000,809000,846000,890000,860000,847000,934000,819000,1100000,1080000,1040000,1080000,1150000,1190000,1240000,1220000,1250000,1270000,1290000,1320000,1350000,1220000,1240000,1260000,1290000,1310000,1330000,1330000,1380000,1420000,1440000,1220000,1410000,1430000,1960000,1610000,2330000,2710000,2860000,2840000,2580000
Croatia,,,,,,,,,,,,,,,,,,,,,,,,,,,,,,,,2360000,2730000,2600000,2760000,2760000,3180000,3210000,2880000,2310000,2820000,3070000,2010000,3060000,3040000,3040000,2540000,3730000,3440000,3010000,2830000,2690000,3190000,3000000,2800000,3560000
Cuba,331000,356000,357000,228000,157000,165000,169000,210000,311000,463000,443000,409000,424000,533000,541000,546000,552000,554000,521000,574000,557000,616000,614000,651000,620000,667000,562000,585000,617000,540000,484000,442000,254000,487000,501000,718000,817000,619000,797000,826000,900000,1000000,1080000,889000,732000,744000,809000,762000,869000,779000,921000,1000000,1100000,1020000,792000,931000
Cyprus,92800,160000,156000,113000,230000,108000,184000,118000,184000,100000,210000,164000,17200,209000,84200,91300,81200,89000,77800,95200,87200,91700,71300,92700,112000,67800,126000,158000,148000,109000,65200,182000,205000,162000,145000,141000,47800,65800,127000,48000,127000,142000,165000,111000,70200,66800,63500,6340,56800,65700,70200,90700,51900,7360,88100,53100
Czech Republic,,,,,,,,,,,,,,,,,,,,,,,,,,,,,,,,,6490000,6800000,6620000,6660000,7000000,6680000,6940000,6470000,7350000,6780000,5780000,8800000,7680000,6400000,7160000,8370000,7840000,6880000,8290000,6600000,7520000,8780000,8190000,8600000
Denmark,5200000,5780000,5500000,6210000,6210000,5960000,6150000,6790000,6780000,6230000,7030000,7070000,6630000,7260000,6250000,5900000,7380000,7490000,7690000,7070000,7280000,7990000,6380000,9300000,7960000,7970000,7180000,8070000,8800000,9610000,9230000,6950000,8200000,7800000,9150000,9220000,9530000,9330000,8770000,9410000,9420000,8800000,9050000,8960000,9280000,8630000,8220000,9110000,10200000,8860000,8810000,9490000,9120000,9800000,10000000,9150000
Djibouti,,,,,,,,,,,,,,,,,,,,,5,5,5,7,7,10,9,10,4,10,10,10,10,10,10,10,10,10,11,11,12,10,10,10,9,10,11,12,13,14,15,16,16,16,14,14
Dominica,130,130,140,140,150,150,160,160,160,160,170,170,180,180,190,200,200,200,220,230,235,240,250,230,200,180,180,160,160,150,161,163,160,174,170,171,172,172,174,175,176,177,180,181,190,200,210,189,185,170,140,200,200,190,188,188
Dominican Republic,164000,163000,168000,192000,212000,228000,214000,231000,250000,269000,276000,280000,290000,325000,282000,397000,393000,429000,438000,453000,460000,493000,581000,644000,608000,549000,599000,518000,577000,488000,526000,629000,498000,417000,553000,527000,564000,520000,605000,610000,771000,766000,656000,620000,682000,745000,780000,807000,816000,886000,912000,708000,773000,756000,860000,906000
Ecuador,510000,525000,590000,500000,614000,596000,631000,483000,660000,651000,589000,577000,608000,636000,767000,764000,631000,455000,591000,680000,786000,786000,561000,819000,832000,1130000,1300000,1440000,1440000,1380000,1130000,1620000,1890000,2060000,1900000,2060000,2150000,1490000,1850000,1890000,1640000,2060000,2060000,2610000,2300000,2280000,2730000,2290000,2440000,2730000,2490000,2930000,2740000,3090000,3680000,2780000
Egypt,5010000,6440000,6440000,6350000,6140000,6480000,6740000,7450000,7140000,7480000,7540000,7490000,7670000,7680000,8130000,8190000,7450000,8220000,8060000,8100000,8240000,8520000,8700000,8460000,8560000,8750000,9450000,9760000,11100000,13000000,13900000,14600000,15000000,15000000,16100000,16500000,18100000,18000000,19400000,20100000,18600000,20200000,20700000,20800000,22400000,22500000,21600000,23700000,22800000,19500000,22000000,23800000,24100000,23800000,23100000,24200000
El Salvador,279000,328000,319000,312000,343000,431000,395000,461000,443000,554000,588000,418000,599000,516000,675000,534000,564000,720000,741000,730000,686000,574000,610000,731000,697000,631000,647000,807000,802000,825000,729000,992000,909000,727000,899000,867000,773000,783000,857000,779000,760000,814000,791000,822000,895000,937000,860000,1040000,990000,969000,924000,1090000,1040000,1000000,854000,1070000
Eritrea,,,,,,,,,,,,,,,,,,,,,,,,,,,,,,,,,86900,253000,124000,85400,99400,458000,319000,125000,219000,54500,106000,109000,336000,377000,462000,106000,227000,201000,190000,201000,190000,188000,190000,217000
Estonia,,,,,,,,,,,,,,,,,,,,,,,,,,,,,,,,598000,811000,510000,513000,629000,651000,576000,402000,697000,558000,525000,506000,608000,760000,619000,879000,864000,873000,678000,772000,991000,976000,1220000,1540000,934000
Ethiopia,4200000,4280000,4300000,4450000,4560000,4660000,4730000,4650000,4950000,5070000,5230000,5170000,4370000,4350000,3810000,4710000,4380000,4000000,5200000,6400000,5610000,5390000,6720000,5520000,4240000,4820000,5710000,6140000,5730000,6140000,5810000,5030000,5300000,5260000,6750000,9390000,9480000,7210000,8390000,8020000,9590000,9000000,9530000,10100000,12700000,12700000,12200000,13300000,15500000,17800000,18800000,19700000,21600000,23600000,25500000,25400000
Fiji,23000,22700,22200,18400,14800,14800,17200,22200,19900,21500,18000,18000,17400,17800,23300,21800,18500,17100,19900,18900,18500,21300,18000,24200,29300,26200,24300,33600,32600,28500,29600,23500,22800,19600,19800,19500,18500,6420,18100,14200,14900,13500,16600,14400,15900,13700,15200,12200,12100,8620,8140,4860,7710,7850,6810,5550
Finland,1940000,1440000,1900000,1780000,2270000,2020000,2350000,2480000,2650000,2870000,3110000,3020000,2800000,2850000,3440000,4020000,2900000,3020000,3260000,3310000,2410000,3420000,3880000,3650000,3640000,3520000,2180000,2830000,3810000,4300000,3430000,2600000,3340000,3400000,3330000,3710000,3810000,2780000,2880000,4100000,3670000,3940000,3790000,3620000,4060000,3790000,4140000,4230000,4260000,2990000,3670000,3660000,4070000,4130000,3690000,3570000
France,20800000,25300000,25400000,26100000,29100000,26700000,32300000,33200000,33100000,31400000,37000000,40500000,43100000,41100000,35700000,32700000,39300000,45500000,44300000,48000000,45900000,48700000,46400000,58100000,55700000,50400000,52900000,56100000,57600000,55100000,60300000,60500000,55400000,53200000,53300000,62300000,63000000,67900000,64300000,65700000,60300000,69700000,55100000,70600000,64200000,61800000,59600000,70400000,70400000,65800000,64000000,68300000,67500000,72600000,72900000,54700000
Gabon,9290,9050,9170,9400,9420,8850,8860,8800,8460,8600,8640,6800,7900,8370,7750,8400,9070,9890,10600,10800,10500,11400,12800,13700,13500,21100,23900,25400,20700,23700,24700,25400,27300,30500,29500,29300,24900,27100,27800,26900,26200,25000,32100,31400,35400,33200,34100,36200,39900,40900,42500,43500,44300,44700,44800,45700
Gambia,90300,96300,81600,87600,85900,81900,69600,89100,85100,95700,97100,86300,82900,58200,53400,37900,38600,63100,48000,70100,90000,93300,68200,86500,116000,102000,92400,100000,96800,90300,111000,96400,97200,95600,98800,104000,101000,107000,151000,176000,200000,139000,205000,224000,206000,215000,151000,235000,311000,364000,183000,224000,228000,175000,203000,231000
Georgia,,,,,,,,,,,,,,,,,,,,,,,,,,,,,,,,496000,403000,471000,501000,630000,892000,589000,771000,418000,704000,662000,742000,663000,680000,320000,419000,467000,376000,220000,405000,377000,491000,378000,364000,432000
Germany,17300000,21200000,21000000,22700000,20600000,20700000,25400000,26900000,25900000,23800000,28700000,28800000,29700000,32400000,30200000,27300000,30300000,33800000,31700000,32700000,31700000,34600000,33100000,37800000,37600000,37300000,35100000,36900000,36900000,37600000,39300000,34800000,35500000,36300000,39900000,42100000,45500000,44600000,44500000,45300000,49700000,43400000,39400000,51100000,46000000,43500000,40600000,50100000,49800000,44000000,41900000,45400000,47800000,52000000,48900000,45400000
Ghana,436000,421000,392000,400000,389000,647000,586000,523000,535000,858000,823000,724000,764000,890000,672000,689000,639000,540000,780000,674000,725000,628000,432000,1070000,921000,867000,1060000,1150000,1180000,844000,1440000,1250000,1640000,1590000,1800000,1770000,1670000,1790000,1690000,1710000,1630000,2160000,2040000,1830000,1950000,1920000,1670000,2300000,2610000,2910000,2620000,2890000,2750000,2780000,2750000,2800000
Greece,2240000,2430000,2120000,2870000,2940000,3130000,3300000,2600000,2810000,3380000,3500000,3430000,3350000,3820000,3760000,4010000,3110000,4320000,4160000,5340000,5360000,5590000,4600000,5510000,4490000,5290000,5480000,5620000,5830000,4460000,6180000,5040000,4860000,5270000,4900000,4890000,4970000,4610000,4550000,4930000,4940000,4830000,4710000,5070000,5070000,4690000,4610000,5570000,5240000,4720000,4870000,4770000,4880000,4260000,4170000,4380000
Grenada,550,550,550,550,550,540,540,540,530,530,500,450,385,426,439,492,571,663,550,447,470,423,393,393,390,245,250,252,256,258,295,337,386,347,354,330,300,295,286,305,308,317,319,316,315,300,320,331,336,341,348,360,400,402,349,349
Guatemala,571000,623000,667000,726000,730000,674000,692000,789000,819000,890000,861000,918000,930000,932000,1070000,967000,976000,1060000,1110000,1080000,1170000,1270000,1240000,1150000,1280000,1400000,1380000,1390000,1420000,1440000,1380000,1510000,1450000,1300000,1160000,1140000,954000,1160000,1130000,1160000,1290000,1300000,1320000,1350000,1450000,1560000,1670000,1790000,1700000,1720000,1750000,1800000,1880000,1900000,1940000,1990000
Guinea,461000,478000,440000,495000,466000,490000,505000,501000,521000,530000,552000,566000,576000,589000,605000,627000,643000,652000,695000,725000,752000,765000,800000,868000,908000,945000,961000,1000000,1030000,1060000,1100000,1140000,1220000,1270000,1350000,1420000,1490000,1570000,1660000,1800000,1720000,1850000,1980000,2140000,2290000,2450000,2600000,2740000,2630000,2860000,3000000,3240000,3430000,3350000,3390000,3430000
Guinea-Bissau,79000,79500,80000,74500,76000,74000,70500,68500,47500,55000,45300,50500,50500,57500,92500,110000,94000,73000,81000,93000,132000,160000,141000,159000,158000,162000,153000,150000,148000,167000,179000,169000,181000,190000,201000,175000,140000,139000,145000,178000,162000,151000,143000,171000,213000,225000,184000,217000,228000,256000,218000,249000,265000,167000,209000,225000
Guyana,216000,222000,164000,301000,247000,281000,224000,177000,193000,212000,188000,161000,172000,283000,298000,175000,358000,307000,242000,283000,277000,299000,247000,303000,257000,277000,246000,230000,240000,159000,254000,289000,340000,382000,529000,547000,576000,526000,565000,453000,498000,446000,550000,506000,424000,475000,467000,511000,559000,561000,624000,653000,828000,639000,692000,538000
Haiti,466000,473000,478000,485000,493000,497000,511000,486000,534000,530000,544000,564000,457000,458000,423000,446000,370000,375000,429000,420000,409000,391000,428000,432000,445000,476000,462000,469000,453000,361000,400000,452000,422000,425000,410000,412000,490000,403000,475000,431000,363000,376000,382000,398000,406000,415000,520000,420000,554000,627000,621000,442000,613000,587000,567000,561000
Honduras,318000,344000,347000,396000,398000,394000,389000,393000,396000,400000,404000,407000,404000,418000,445000,460000,518000,530000,424000,476000,576000,446000,552000,604000,502000,550000,613000,527000,619000,683000,692000,687000,691000,674000,770000,784000,757000,590000,562000,607000,603000,579000,599000,528000,556000,595000,752000,660000,702000,633000,636000,622000,690000,698000,719000,744000
Hungary,6170000,6830000,6480000,6920000,7500000,7620000,7930000,8450000,9710000,7640000,9820000,10800000,11700000,12500000,12200000,11300000,12300000,13400000,12100000,14000000,12900000,14900000,13800000,15700000,14800000,14300000,14200000,15000000,15400000,12600000,15800000,10000000,8550000,11700000,11300000,11300000,14100000,13000000,11400000,10000000,15000000,11700000,8770000,16800000,16200000,14500000,9650000,16800000,13600000,12300000,13700000,10400000,13600000,16600000,14100000,14100000
India,87400000,87300000,90400000,93700000,79700000,80100000,95500000,102000000,106000000,114000000,113000000,109000000,120000000,107000000,128000000,122000000,138000000,143000000,126000000,140000000,148000000,136000000,167000000,164000000,166000000,165000000,156000000,184000000,199000000,194000000,193000000,201000000,209000000,212000000,210000000,219000000,223000000,227000000,236000000,235000000,243000000,207000000,237000000,230000000,240000000,243000000,260000000,267000000,251000000,268000000,288000000,293000000,295000000,296000000,284000000,295000000
Indonesia,14400000,16200000,14000000,16100000,15300000,17400000,15600000,20300000,20300000,22200000,22800000,21600000,25200000,25500000,25200000,25900000,26500000,29800000,29900000,33600000,37300000,36800000,40400000,43400000,43400000,45600000,45200000,48300000,50900000,51900000,50900000,56200000,54600000,53500000,58000000,60400000,58100000,59400000,60100000,61600000,59800000,61100000,63000000,65300000,66700000,66100000,70400000,76600000,82000000,84800000,83400000,88400000,89800000,89900000,95000000,97700000
Iran,4300000,4400000,4100000,4300000,5640000,6590000,5830000,6590000,6310000,6450000,5690000,6790000,6900000,6930000,8450000,9180000,8210000,8470000,8690000,8580000,9290000,10200000,9320000,10100000,10700000,11900000,12200000,12100000,10800000,13700000,14500000,16000000,16800000,16700000,17200000,16100000,15800000,19000000,14200000,12900000,14900000,19900000,20900000,22000000,21900000,22500000,24100000,12200000,18000000,19600000,15000000,15800000,16400000,17600000,18300000,17300000
Iraq,1850000,2330000,1430000,1630000,2010000,1860000,2050000,2900000,2470000,2110000,1590000,3900000,1600000,1960000,1370000,2110000,1440000,1780000,1480000,1890000,2040000,2070000,1820000,1100000,2930000,2280000,1730000,2590000,1500000,3450000,2670000,2960000,3240000,2830000,2540000,3000000,2220000,2430000,1600000,904000,1820000,4120000,3520000,3320000,3710000,3790000,3750000,2230000,2650000,4360000,4270000,4790000,6500000,7050000,3470000,4050000
Ireland,1370000,1440000,1260000,1140000,1170000,1110000,1270000,1450000,1400000,1370000,1580000,1430000,1300000,1440000,1380000,1250000,1830000,1770000,1920000,2060000,2050000,2180000,1990000,2510000,2100000,1950000,2110000,2080000,1920000,1970000,1970000,2030000,1640000,1620000,1810000,2160000,1960000,1880000,2030000,2180000,2170000,1970000,2150000,2510000,1950000,2090000,2010000,2460000,2070000,2040000,2510000,2130000,2400000,2600000,2640000,2310000
Israel,172000,153000,139000,329000,288000,137000,305000,223000,197000,155000,247000,386000,302000,353000,312000,251000,264000,191000,152000,303000,261000,204000,437000,173000,241000,286000,412000,309000,319000,397000,277000,343000,297000,184000,309000,264000,187000,249000,123000,183000,242000,271000,306000,273000,308000,245000,283000,199000,257000,241000,274000,356000,337000,372000,322000,305000
Italy,13900000,14400000,13300000,14000000,14500000,14400000,15200000,15000000,15800000,16200000,16300000,15600000,15700000,16600000,16900000,16500000,14400000,17700000,17600000,18000000,18500000,18300000,18100000,19900000,18000000,18700000,18400000,17400000,17100000,17400000,19200000,19900000,19800000,19200000,19700000,20900000,19900000,20700000,21100000,20700000,19900000,21200000,17900000,23300000,21400000,20200000,20400000,21600000,17700000,18500000,19500000,18600000,18200000,19400000,17600000,18200000
Jamaica,8430,8940,9530,7320,6000,6380,4380,3710,4590,5010,5580,4480,4140,10100,13800,13100,10600,10300,7310,6780,6370,4630,7040,9040,8150,7030,6230,3790,3430,2380,3470,4330,3560,4080,3900,4070,3150,2230,2160,1780,2120,1770,2060,1610,1930,1900,1740,2000,2510,2630,2970,3120,3000,2510,2370,2350
Japan,20300000,20600000,19500000,19100000,18900000,18900000,21000000,21000000,19900000,17700000,15200000,16200000,16300000,16500000,17600000,15700000,17500000,16500000,15900000,13200000,13800000,14000000,14100000,16000000,15900000,15800000,14500000,13900000,14300000,14400000,13100000,14300000,10700000,15800000,14100000,13700000,13300000,11900000,12300000,12800000,12300000,12200000,10800000,12000000,12400000,11700000,12000000,12200000,11500000,11400000,11500000,11700000,11800000,11600000,11200000,9030000
Jordan,208000,153000,102000,401000,381000,127000,216000,115000,202000,59800,195000,246000,56500,285000,63000,81000,74800,69400,21700,172000,70200,72200,129000,62000,82700,41000,115000,127000,79600,129000,107000,157000,94200,83600,98800,81600,82200,75800,26700,57100,47600,115000,79800,53400,102000,61900,53300,47500,60900,87300,83100,84000,102000,90800,95300,104000
Kazakhstan,,,,,,,,,,,,,,,,,,,,,,,,,,,,,,,,29600000,21500000,16400000,9480000,11200000,12400000,6380000,14200000,11500000,15900000,15900000,14700000,12300000,13800000,16500000,20100000,15500000,20800000,12100000,26800000,12800000,18200000,17100000,18600000,20400000
Kenya,1380000,1520000,1710000,1720000,1790000,1620000,2010000,2330000,2320000,2090000,2010000,2210000,2450000,2540000,2630000,3240000,3180000,2780000,2380000,2230000,2230000,2950000,2710000,1740000,2920000,3390000,2900000,3300000,3160000,2790000,2920000,3000000,2540000,3620000,3230000,2670000,2700000,2930000,2800000,2590000,3370000,3050000,3350000,3200000,3590000,3940000,3610000,2870000,2900000,4350000,4060000,4710000,4540000,4230000,4520000,3910000
Kuwait,,,,,,,,3,5,8,10,20,24,9,28,32,27,131,225,220,413,505,780,776,3110,3150,3420,3690,2470,1830,1020,137,787,1240,1960,3420,3620,6150,6340,8000,9250,13600,21800,9630,10100,14600,23200,15700,13700,20300,35500,26900,33300,53600,9310,26900
Kyrgyz Republic,,,,,,,,,,,,,,,,,,,,,,,,,,,,,,,,1600000,1540000,1060000,911000,1330000,1610000,1610000,1620000,1550000,1790000,1710000,1630000,1710000,1620000,1500000,1420000,1440000,1860000,1510000,1500000,1360000,1730000,1360000,1750000,1760000
Lao,557000,528000,535000,754000,763000,774000,833000,796000,922000,928000,837000,843000,910000,932000,938000,691000,728000,753000,899000,1080000,1190000,1130000,1130000,1360000,1430000,1490000,1240000,1050000,1450000,1560000,1290000,1560000,1300000,1630000,1470000,1490000,1740000,1780000,2200000,2320000,2450000,2540000,2520000,2730000,2940000,3110000,3400000,4080000,4280000,4090000,4160000,4610000,4630000,5410000,5620000,5700000
Latvia,,,,,,,,,,,,,,,,,,,,,,,,,,,,,,,,1140000,1230000,896000,689000,961000,1040000,959000,783000,924000,928000,1030000,932000,1060000,1310000,1160000,1540000,1690000,1660000,1440000,1410000,2120000,1950000,2230000,3020000,2700000
Lebanon,96500,106000,84700,89000,80900,96000,91300,64900,44200,54100,52400,76400,65600,92400,82700,55700,60800,56600,48600,30500,29600,30400,27200,25800,34500,46500,70500,73000,79400,77400,83200,88400,80900,79100,100000,93800,89700,103000,93000,123000,153000,140000,146000,165000,177000,189000,153000,177000,147000,112000,159000,189000,179000,177000,176000,185000
Lesotho,227000,224000,223000,222000,217000,223000,217000,213000,212000,183000,197000,104000,150000,265000,154000,120000,251000,288000,229000,194000,172000,125000,123000,132000,167000,132000,146000,234000,199000,242000,67200,93800,153000,223000,81200,257000,206000,172000,174000,150000,255000,150000,116000,109000,112000,119000,72700,74000,75400,173000,104000,91800,108000,109000,87400,35000
Liberia,115000,120000,125000,130000,135000,141000,142000,152000,163000,190000,200000,210000,225000,248000,229000,245000,256000,244000,249000,243000,269000,284000,290000,298000,289000,288000,298000,298000,294000,180000,100000,110000,65000,50000,56200,94500,168000,209000,196000,183000,145000,110000,100000,110000,155000,164000,232000,295000,293000,296000,290000,291000,270000,237000,286000,309000
Libya,105000,124000,128000,118000,156000,160000,175000,153000,205000,82500,50800,160000,274000,187000,270000,333000,111000,299000,213000,215000,248000,293000,418000,275000,235000,285000,276000,283000,322000,273000,258000,218000,180000,165000,146000,160000,206000,213000,213000,222000,218000,217000,217000,218000,234000,213000,214000,213000,215000,244000,275000,308000,306000,304000,300000,230000
Lithuania,,,,,,,,,,,,,,,,,,,,,,,,,,,,,,,,2210000,2680000,2110000,1920000,2630000,2960000,2730000,2060000,2670000,2360000,2540000,2630000,2860000,2810000,1860000,3020000,3420000,3810000,2800000,3230000,4660000,4470000,5120000,6070000,5070000
Luxembourg,,,,,,,,,,,,,,,,,,,,,,,,,,,,,,,,,,,,,,,,153000,144000,169000,164000,179000,161000,161000,148000,191000,189000,166000,150000,153000,173000,169000,177000,139000
"Macedonia, FYR",,,,,,,,,,,,,,,,,,,,,,,,,,,,,,,,624000,479000,648000,725000,546000,610000,660000,638000,564000,475000,556000,472000,682000,645000,602000,469000,613000,609000,542000,555000,460000,562000,629000,484000,641000
Madagascar,1580000,1660000,1670000,1780000,1710000,1750000,1860000,1940000,1990000,2060000,2010000,2030000,2020000,2130000,2090000,2180000,2190000,2040000,2160000,2240000,2130000,2080000,2280000,2270000,2320000,2390000,2340000,2310000,2540000,2580000,2500000,2590000,2720000,2520000,2640000,2680000,2740000,2610000,2760000,2660000,2850000,2790000,3130000,3390000,3790000,3900000,4020000,4360000,4980000,5160000,4740000,5010000,4000000,4350000,4060000,4140000
Malawi,865000,900000,781000,967000,951000,1020000,1340000,1170000,1150000,995000,1360000,1450000,1450000,1440000,1180000,1290000,1530000,1540000,1460000,1250000,1310000,1480000,1400000,1460000,1420000,1360000,1260000,1490000,1590000,1410000,1680000,689000,2140000,1110000,1770000,1940000,1470000,1900000,2640000,2630000,1870000,1710000,2140000,1720000,1300000,2790000,3440000,2850000,3810000,3610000,3920000,3830000,3890000,4250000,3000000,2530000
Malaysia,1100000,1130000,1210000,1120000,1270000,1240000,1220000,1450000,1610000,1700000,1830000,1850000,2000000,2120000,2010000,2020000,1920000,1510000,2100000,2050000,2030000,1890000,1750000,1590000,1770000,1740000,1660000,1730000,1780000,1920000,1960000,2050000,2140000,2180000,2170000,2270000,2170000,1990000,2090000,2210000,2160000,2270000,2330000,2340000,2390000,2270000,2410000,2390000,2550000,2510000,2640000,2680000,2690000,1890000,1820000,2320000
Maldives,159,210,262,313,364,426,279,174,83,240,70,25,767,822,2070,146,83,28,40,17,102,57,25,5,5,5,5,6,11,7,4,8,10,11,11,9,97,92,96,100,110,110,177,132,120,135,138,145,147,164,172,186,195,190,197,205
Mali,1110000,1170000,1060000,948000,992000,1050000,1150000,1010000,1180000,991000,984000,817000,890000,1150000,1310000,1180000,1080000,1210000,1080000,968000,1200000,1280000,1480000,1110000,1720000,1730000,1640000,2200000,2160000,1770000,2410000,1810000,2230000,2460000,2190000,2220000,2140000,2550000,2890000,2310000,2580000,2520000,3410000,2850000,3400000,3690000,3890000,4810000,6060000,5340000,5780000,6560000,6990000,6980000,8060000,8850000
Malta,4960,5080,5500,5020,5030,4680,4790,3670,3650,3520,3960,4160,3730,3550,4350,5440,6140,5540,6470,7690,8930,11800,11600,9130,9130,8930,8740,8740,8520,8900,6900,7200,7300,7300,7400,7000,10500,10700,10600,11700,11800,12000,11800,12800,13200,12500,14200,16500,15900,15900,16600,16500,16900,17300,17700,18100
Mauritania,91000,93200,94600,95000,105000,95100,96500,100000,115000,88600,55600,43900,29800,55300,51700,44900,29100,39400,37700,47200,59600,61600,47600,51800,108000,127000,152000,174000,184000,103000,105000,107000,169000,207000,222000,234000,154000,190000,194000,180000,124000,113000,180000,115000,171000,167000,182000,190000,171000,278000,199000,344000,312000,373000,426000,321000
Mauritius,180,203,147,25,296,457,462,494,1280,1440,1590,1620,1330,2350,1690,2050,1600,1340,1210,891,1210,1390,1340,3540,5030,8150,3910,3810,2420,2280,2130,2000,1820,880,289,438,232,259,201,623,389,295,177,369,475,452,1020,545,276,491,636,1240,1280,1810,1110,767
Mexico,8520000,8610000,9540000,11700000,12500000,13000000,13100000,13900000,13800000,15000000,14800000,14400000,14900000,14600000,16600000,16500000,18000000,18900000,15700000,20900000,24600000,20300000,22700000,23600000,27400000,22700000,23700000,21100000,21400000,25600000,23700000,26900000,25200000,26800000,26900000,29300000,28100000,29100000,27400000,28000000,31100000,28800000,31300000,32300000,29100000,32200000,34300000,36100000,31300000,34900000,28400000,33600000,33200000,36500000,34700000,38500000
"Micronesia, Fed. Sts.",,,,,,,,,,,,,,,,,,,,,,,,,,,,,,,43,45,46,48,148,151,154,156,159,162,164,167,170,173,175,178,167,195,208,220,233,254,269,254,252,254
Moldova,,,,,,,,,,,,,,,,,,,,,,,,,,,,,,,,1980000,3220000,1630000,2610000,1980000,3490000,2430000,2140000,1910000,2550000,2540000,2000000,2940000,2770000,2220000,1820000,3130000,2150000,2390000,2470000,2030000,2650000,2890000,2180000,2950000
Mongolia,124000,327000,322000,371000,323000,264000,332000,216000,132000,285000,373000,205000,455000,316000,482000,374000,413000,354000,330000,287000,343000,551000,813000,597000,884000,869000,689000,814000,839000,718000,595000,494000,479000,334000,263000,221000,242000,196000,171000,143000,143000,127000,166000,140000,78000,139000,115000,213000,392000,355000,446000,479000,387000,520000,216000,483000
Montenegro,,,,,,,,,,,,,,,,,,,,,,,,,,,,,,,,,,,,,,,,,,,,,,14400,2350,3870,4060,3790,6290,4900,7590,7610,6660,7020
Morocco,1540000,3510000,3860000,3400000,3490000,2180000,3520000,6350000,4090000,4250000,5350000,5170000,3230000,4810000,3730000,5710000,2890000,4740000,4100000,4510000,2130000,4920000,3580000,3760000,5310000,7820000,4340000,7960000,7430000,6280000,8660000,2950000,2820000,9640000,1780000,10100000,4100000,6630000,3840000,2000000,4600000,5290000,7970000,8600000,4280000,9240000,2500000,5330000,10400000,7830000,8690000,5310000,9870000,6940000,11700000,3560000
Mozambique,642000,603000,653000,661000,684000,724000,792000,719000,720000,686000,649000,758000,900000,801000,542000,756000,738000,682000,622000,663000,663000,633000,623000,665000,746000,829000,569000,562000,607000,738000,551000,245000,765000,791000,1130000,1380000,1530000,1690000,1810000,1590000,1510000,1360000,1510000,1330000,1140000,1730000,1440000,1460000,2240000,2800000,2930000,2760000,1460000,1720000,1500000,1710000
Myanmar,6940000,7800000,7950000,8660000,8230000,6830000,7960000,8200000,8130000,8310000,8320000,7490000,8740000,8730000,9390000,9500000,9690000,10800000,10700000,13700000,14600000,14800000,15000000,15000000,15100000,14900000,14200000,13600000,14300000,14400000,13500000,15100000,17000000,18400000,18200000,17900000,17100000,17500000,20900000,21800000,22500000,22500000,23900000,25600000,28700000,32000000,32600000,33800000,34000000,34000000,30600000,28300000,28600000,28800000,28600000,28100000
Namibia,35600,37100,37200,39600,43900,46000,48200,51400,52700,52900,55100,56300,58500,59800,63000,63200,67400,68600,71000,73700,75400,78100,83800,87500,62900,81100,69200,83400,96800,97900,115000,31000,74900,116000,70900,89300,158000,121000,73900,121000,122000,88000,97300,128000,129000,186000,116000,113000,112000,118000,118000,166000,86400,112000,124000,129000
Nepal,3170000,3180000,3180000,3280000,3340000,3130000,3170000,3290000,3420000,3560000,3450000,3220000,3710000,3760000,3850000,3730000,3530000,3650000,3190000,3790000,3930000,3220000,4310000,4310000,4370000,4000000,4760000,5310000,5670000,5850000,5520000,4900000,5770000,5370000,6080000,6380000,6350000,6390000,6590000,7120000,7120000,7220000,7370000,7750000,7770000,7660000,7340000,8080000,8120000,7770000,8620000,9460000,8580000,9560000,9270000,8610000
Netherlands,1930000,2180000,1950000,2120000,1780000,1620000,1840000,1650000,1620000,1360000,1510000,1320000,1360000,1310000,1090000,1150000,1120000,1360000,1290000,1280000,1270000,1380000,1310000,1410000,1130000,1260000,1110000,1220000,1370000,1390000,1340000,1350000,1470000,1350000,1500000,1660000,1450000,1500000,1370000,1730000,1670000,1660000,1740000,1750000,1710000,1670000,1550000,1960000,1990000,1800000,1610000,1730000,1760000,1700000,1670000,1360000
New Zealand,389000,347000,384000,457000,430000,479000,538000,752000,805000,582000,750000,894000,834000,623000,676000,920000,910000,829000,811000,756000,800000,882000,872000,1120000,1180000,1190000,1000000,769000,671000,870000,809000,736000,803000,843000,752000,904000,980000,869000,873000,855000,939000,939000,944000,763000,871000,789000,927000,999000,1120000,1000000,999000,1170000,1100000,1100000,1110000,1100000
Nicaragua,229000,236000,230000,254000,271000,288000,322000,358000,359000,378000,376000,245000,314000,335000,344000,313000,300000,403000,350000,382000,446000,451000,437000,451000,506000,478000,455000,506000,484000,488000,401000,498000,588000,521000,622000,674000,608000,642000,572000,783000,755000,911000,1000000,799000,964000,895000,864000,784000,914000,970000,1010000,983000,965000,839000,759000,850000
Niger,1060000,1270000,1340000,1350000,1070000,1140000,1380000,989000,1420000,1140000,1260000,1160000,803000,1140000,871000,1350000,1510000,1540000,1640000,1780000,1690000,1700000,1720000,1070000,1850000,1830000,1440000,2390000,1840000,2140000,2220000,2330000,2270000,1860000,2250000,2090000,1850000,2980000,2840000,2130000,3110000,3320000,3370000,2680000,3670000,4030000,3850000,4880000,3510000,5230000,3620000,5330000,4350000,4900000,5470000,5780000
Nigeria,7890000,8320000,8200000,8110000,8410000,6140000,7380000,7410000,8800000,8980000,8330000,5810000,8240000,10300000,8350000,7160000,6960000,6000000,6440000,7790000,8050000,8470000,8830000,10500000,11900000,14700000,15900000,16600000,18000000,17700000,18600000,19600000,20100000,20400000,22500000,21700000,21900000,22000000,22400000,21400000,20100000,21400000,22700000,24300000,26000000,28900000,27200000,30200000,21300000,24600000,20700000,21400000,19600000,24500000,25500000,25000000
North Korea,3580000,3730000,4050000,4210000,3710000,4070000,3790000,3660000,4380000,4360000,4500000,4310000,4820000,5070000,5250000,5490000,5800000,5800000,6010000,5750000,6250000,5330000,5480000,5830000,5840000,6230000,6240000,6250000,6470000,6280000,8820000,8680000,9140000,7220000,3810000,2610000,2890000,4440000,3850000,2940000,3880000,4210000,4390000,4490000,4650000,4680000,3890000,4680000,4440000,4510000,4690000,5190000,5190000,5220000,5480000,4980000
Norway,637000,475000,599000,630000,614000,504000,624000,820000,642000,826000,864000,811000,912000,1100000,766000,846000,1080000,1130000,1100000,1150000,1130000,1200000,1070000,1410000,1300000,1110000,1290000,1070000,1180000,1570000,1480000,1010000,1380000,1090000,1230000,1350000,1290000,1370000,1220000,1310000,1220000,1140000,1290000,1450000,1300000,1170000,1200000,1390000,1060000,1210000,1030000,1090000,967000,1240000,1360000,1310000
Oman,2900,2900,3000,3100,3100,3400,3550,3700,3700,3900,3900,3950,5000,5000,5000,4000,2600,2380,2250,2460,1210,1990,1990,1990,1100,3690,3970,4350,4700,5140,15700,16400,17100,18100,19000,19800,20600,20900,22300,23300,24400,25200,25800,31100,27000,26100,28200,27000,17500,18200,18800,18800,19200,16800,22000,17800
Pakistan,6730000,6940000,7210000,7570000,7870000,7280000,8170000,10800000,11600000,12100000,11300000,11800000,12700000,12500000,13100000,14300000,15100000,14800000,16300000,17100000,18200000,18100000,19100000,17500000,17700000,20900000,18400000,19200000,21000000,21000000,21100000,22100000,23900000,22300000,25000000,25400000,25300000,28000000,27800000,30500000,27000000,27200000,29000000,30300000,33500000,33000000,35800000,35500000,38100000,34800000,39300000,36500000,40100000,41900000,41100000,43100000
Palestine,0,0,0,0,0,0,0,0,0,0,0,0,0,0,0,0,0,0,0,0,0,0,0,0,0,0,0,0,0,0,0,0,0,32300,65800,51500,42900,52500,14000,67800,40200,77400,68100,62400,68400,55400,55300,42100,40400,26900,24600,35900,59100,47300,44200,44300
Panama,183000,182000,187000,210000,236000,224000,240000,247000,253000,188000,190000,170000,217000,238000,250000,208000,266000,227000,243000,244000,271000,256000,291000,263000,301000,293000,304000,298000,328000,345000,325000,325000,329000,343000,352000,356000,237000,322000,307000,339000,418000,438000,501000,382000,381000,386000,383000,400000,390000,346000,400000,370000,424000,401000,388000,425000
Papua New Guinea,1850,1890,1870,1790,1890,1850,1930,1980,2250,2960,4360,3130,2710,2480,3830,2770,3620,4910,3430,3610,4080,3490,3810,2370,2280,2200,2450,2900,3500,4120,4720,5420,6030,6850,7650,8650,9600,9780,10600,11300,12600,12800,10300,10500,11700,12300,13200,14300,15200,15900,18200,15300,17400,17900,18500,18700
Paraguay,140000,151000,148000,237000,243000,189000,272000,239000,218000,303000,338000,271000,317000,375000,383000,446000,507000,460000,464000,484000,467000,557000,448000,449000,571000,572000,679000,895000,843000,779000,689000,778000,952000,932000,1130000,1300000,1560000,1200000,1150000,1010000,1630000,1550000,1910000,1980000,1750000,2420000,2960000,3440000,3170000,4980000,5370000,5160000,6270000,4930000,7090000,7260000
Peru,1070000,1130000,1010000,1200000,1210000,1270000,1400000,1080000,1350000,1520000,1510000,1430000,1400000,1410000,1490000,1630000,1660000,1360000,1480000,1160000,1640000,1750000,1620000,2160000,1830000,1890000,2350000,2370000,2440000,1780000,1730000,1520000,2010000,2410000,2130000,2540000,2590000,2850000,3400000,3550000,3740000,3840000,3920000,3440000,4130000,4060000,4030000,4700000,5050000,4870000,4620000,5220000,5250000,5010000,5470000,5180000
Philippines,5180000,5240000,5140000,5310000,5450000,5580000,6180000,6180000,7470000,7600000,7370000,6460000,7420000,8150000,8840000,9330000,10100000,10300000,10800000,10800000,11200000,11700000,10600000,11300000,12700000,13300000,12800000,13400000,14000000,15000000,14300000,13800000,14200000,15100000,14700000,15400000,15600000,12400000,16400000,16900000,17500000,17600000,18100000,19900000,19900000,21400000,23000000,23700000,23300000,22100000,23700000,25400000,25800000,26700000,25700000,24800000
Poland,16100000,14000000,15200000,14100000,16200000,15800000,16300000,17900000,18600000,16300000,19900000,20400000,21900000,23000000,19600000,20900000,19400000,21500000,17300000,18300000,19700000,21200000,22100000,24400000,23700000,25000000,26100000,24500000,27000000,28000000,27800000,20000000,23400000,21800000,25900000,25300000,25400000,27200000,25800000,22300000,27000000,26900000,23400000,29600000,26900000,21800000,27100000,27700000,29800000,27200000,26800000,28500000,28500000,31900000,28000000,29800000
Portugal,1480000,1760000,1670000,1540000,1600000,1350000,1790000,1940000,1560000,1680000,1930000,1670000,1530000,1520000,1600000,1630000,1020000,1120000,1130000,1410000,1090000,1290000,1150000,1470000,1380000,1660000,1720000,1470000,1830000,1430000,1790000,1390000,1480000,1630000,1390000,1610000,1510000,1400000,1660000,1610000,1300000,1500000,1190000,1370000,823000,1200000,1070000,1310000,1120000,1020000,1160000,1180000,1360000,1330000,1240000,1140000
Qatar,0,0,0,0,0,0,0,0,0,0,161,218,207,236,261,446,370,465,530,640,735,1370,871,1130,1540,1980,3020,3220,3300,3140,3750,3870,5370,3940,4260,5200,5770,5750,7100,7220,6580,6470,7080,5490,7090,6740,5000,3150,2220,2670,1700,1910,2260,2460,1800,1380
Romania,10600000,9680000,10400000,11100000,12600000,13900000,13500000,12800000,12800000,10600000,14500000,16900000,13800000,13600000,15300000,19800000,18600000,18300000,18600000,19400000,16400000,20000000,17700000,20000000,19500000,19700000,16900000,19300000,18400000,17200000,19300000,12300000,15500000,18200000,19900000,14200000,22100000,15500000,17000000,10500000,18900000,14400000,13000000,24400000,19400000,15800000,7820000,16800000,14900000,16700000,20800000,12800000,20900000,22100000,19300000,21800000
Russia,,,,,,,,,,,,,,,,,,,,,,,,,,,,,,,,104000000,96200000,78600000,61900000,67400000,86700000,46900000,53800000,64200000,83300000,84700000,65300000,76000000,76200000,76500000,80200000,106000000,95600000,59600000,91800000,68800000,90400000,103000000,102000000,118000000
Rwanda,133000,241000,139000,171000,178000,196000,202000,168000,171000,225000,202000,201000,204000,191000,219000,234000,251000,268000,254000,273000,286000,316000,310000,296000,337000,297000,292000,292000,262000,265000,341000,240000,234000,130000,142000,183000,223000,194000,179000,240000,285000,308000,298000,319000,413000,371000,356000,465000,619000,742000,853000,876000,994000,869000,686000,737000
Sao Tome and Principe,400,400,400,400,400,420,430,440,460,470,480,500,520,530,550,500,500,500,450,450,500,500,600,700,728,900,1200,1500,2000,2700,3600,4000,4000,4300,4000,4500,4000,1350,1490,2230,2500,2550,2600,2650,2770,2700,3000,2800,2000,1570,1090,917,776,762,1100,1020
Saudi Arabia,361000,360000,394000,397000,419000,424000,424000,432000,430000,433000,315000,110000,113000,300000,289000,282000,294000,302000,350000,266000,294000,489000,875000,1440000,2190000,2460000,2930000,3690000,3930000,4140000,4570000,4700000,5040000,4860000,2670000,1930000,2340000,2200000,2450000,2170000,2590000,2850000,2950000,3190000,3010000,3040000,2960000,2430000,1590000,1570000,1410000,1080000,882000,859000,926000,1050000
Senegal,528000,538000,620000,686000,723000,595000,855000,537000,844000,534000,734000,384000,611000,959000,790000,730000,542000,1010000,664000,676000,1210000,782000,523000,709000,1250000,887000,1050000,867000,1070000,977000,1020000,973000,1190000,1070000,1190000,976000,801000,730000,1260000,1030000,1020000,785000,1450000,1050000,1430000,988000,772000,1740000,1830000,1770000,1100000,1500000,1270000,1250000,2150000,1980000
Serbia,,,,,,,,,,,,,,,,,,,,,,,,,,,,,,,,,,,,,,,,,,,,,,8420000,6260000,8850000,9000000,9300000,9080000,6380000,9120000,10900000,8460000,10900000
Sierra Leone,298000,349000,365000,407000,433000,465000,496000,454000,532000,474000,488000,503000,503000,543000,596000,613000,635000,655000,533000,551000,542000,568000,514000,561000,488000,577000,517000,547000,574000,563000,560000,534000,542000,466000,408000,444000,467000,373000,280000,222000,335000,466000,496000,614000,825000,1160000,656000,759000,977000,1140000,1260000,1260000,1370000,1300000,973000,1650000
Slovak Republic,,,,,,,,,,,,,,,,,,,,,,,,,,,,,,,,,3150000,3700000,3490000,3320000,3740000,3490000,2830000,2200000,3210000,3200000,2490000,3800000,3590000,2930000,2790000,4140000,3330000,2550000,3710000,3040000,3410000,4710000,3810000,4850000
Slovenia,,,,,,,,,,,,,,,,,,,,,,,,,,,,,,,,369000,422000,529000,511000,489000,545000,559000,480000,497000,500000,614000,402000,587000,579000,497000,535000,583000,537000,573000,612000,580000,461000,653000,628000,643000
Solomon Islands,200,220,240,260,280,305,152,2030,1420,1930,3000,1320,1220,1220,1240,3830,6270,7660,10200,14300,13900,10500,9480,7140,5950,6500,0,0,0,925,2590,2600,2610,2610,2620,2570,1920,1300,3240,4520,2080,2270,1950,2500,3000,3250,2800,2800,2500,2610,2780,2750,2760,2760,2770,2780
Somalia,255000,250000,243000,237000,235000,235000,250000,243000,247000,236000,222000,319000,185000,185000,242000,251000,264000,260000,261000,266000,384000,404000,360000,496000,514000,586000,543000,601000,654000,581000,256000,209000,165000,405000,285000,282000,305000,201000,299000,392000,429000,442000,403000,366000,356000,261000,197000,232000,230000,356000,119000,385000,383000,244000,241000,142000
South Africa,6700000,7090000,7460000,5840000,5840000,6180000,11900000,7000000,7050000,8140000,11000000,12000000,6470000,13600000,11600000,10300000,12300000,12800000,11200000,13400000,18000000,11800000,6670000,7930000,11100000,11700000,12100000,12100000,15300000,11600000,11300000,5060000,12800000,16000000,7510000,13700000,13300000,10200000,10100000,14500000,10700000,13000000,11800000,12000000,14200000,9450000,9510000,15300000,14600000,14700000,12900000,14600000,14200000,16600000,11900000,10200000
South Korea,6630000,5900000,6380000,7380000,7210000,8040000,7450000,7160000,8380000,8030000,7970000,7980000,8060000,8280000,9040000,9880000,9640000,10500000,10100000,6680000,8530000,8580000,9000000,9270000,8810000,8640000,8470000,9160000,8950000,8430000,7720000,7680000,6810000,7160000,6770000,7510000,7610000,7070000,7400000,7440000,7750000,6990000,6400000,7010000,6720000,6540000,6240000,6750000,6760000,6020000,5830000,5600000,5810000,5850000,5980000,5830000
South Sudan,,,,,,,,,,,,,,,,,,,,,,,,,,,,,,,,,,,,,,,,,,,,,,,,,,,,790000,898000,1270000,920000,825000
Spain,7500000,9270000,9420000,8310000,8870000,9230000,10700000,11600000,11500000,10300000,13700000,12100000,11600000,13300000,14200000,12800000,13900000,16300000,13900000,18700000,11600000,13100000,13800000,21000000,21000000,16500000,20700000,23800000,19700000,18800000,19500000,14500000,17500000,15200000,11600000,22400000,19300000,22600000,18000000,24600000,18100000,21700000,21400000,24800000,14200000,19100000,24500000,24000000,17900000,19900000,22100000,17500000,25400000,20600000,20200000,21500000
Sri Lanka,952000,1060000,1080000,1100000,795000,1010000,1190000,1390000,1410000,1640000,1420000,1340000,1350000,1650000,1210000,1310000,1720000,1930000,1960000,2170000,2270000,2190000,2530000,2470000,2700000,2640000,2180000,2520000,2100000,2580000,2430000,2370000,2610000,2720000,2850000,2100000,2270000,2730000,2890000,2900000,2730000,2890000,3110000,2670000,3290000,3400000,3190000,4020000,3790000,4470000,4040000,4050000,4840000,3630000,4180000,4400000
St. Lucia,50,50,30,18,20,30,30,25,25,21,25,30,31,35,35,35,35,35,35,0,0,0,0,0,0,0,0,0,0,0,0,0,0,0,0,0,0,0,,,,,,,,,,,,,,,,,,
St. Vincent and the Grenadines,400,400,400,400,400,420,420,430,430,430,440,450,440,440,450,450,450,470,500,530,550,600,620,630,660,750,1000,1510,2010,2510,2000,1670,1550,1440,1330,1000,1350,2000,750,600,500,520,593,650,620,950,670,700,670,582,691,854,575,857,775,866
Sudan,1680000,1620000,1790000,1560000,1420000,1180000,2450000,1240000,2000000,2140000,2220000,1800000,2170000,2480000,2860000,3370000,2930000,3270000,1990000,2700000,4110000,2290000,2520000,1450000,4110000,3800000,1700000,5130000,2060000,1730000,4640000,5380000,3100000,5150000,3310000,5200000,4210000,5580000,3070000,3260000,5340000,3710000,6370000,3520000,6240000,5810000,6690000,5270000,5550000,3560000,5600000,3030000,5950000,8060000,4090000,8510000
Suriname,72800,80300,75600,89300,101000,98700,120000,116000,114000,146000,137000,123000,164000,163000,175000,173000,203000,224000,236000,258000,281000,301000,268000,302000,299000,300000,272000,265000,261000,196000,229000,261000,217000,218000,216000,229000,213000,189000,180000,164000,191000,157000,194000,175000,164000,183000,179000,183000,229000,227000,235000,224000,262000,276000,269000,278000
Sweden,3890000,3630000,3510000,4460000,4400000,3510000,4550000,4910000,3980000,4990000,5400000,5140000,4720000,6490000,5170000,5430000,5400000,5740000,5210000,5310000,5700000,5920000,5410000,6900000,5630000,5810000,5170000,4740000,5490000,6380000,5160000,3760000,5240000,4470000,4790000,5950000,5990000,5620000,4930000,5600000,5380000,5400000,5290000,5510000,5050000,4130000,5060000,5200000,5240000,4280000,4660000,5060000,4990000,5780000,6160000,5450000
Switzerland,518000,697000,515000,632000,558000,567000,673000,653000,640000,634000,743000,738000,750000,857000,757000,796000,690000,835000,875000,789000,864000,929000,900000,1120000,1050000,960000,939000,1240000,1410000,1270000,1270000,1180000,1250000,1210000,1250000,1320000,1190000,1240000,1030000,1170000,1080000,1090000,847000,1090000,1060000,1010000,1010000,1000000,1010000,924000,999000,951000,867000,994000,909000,743000
Syria,1140000,2240000,2030000,1790000,1790000,789000,1690000,1170000,1660000,884000,1140000,2560000,726000,2320000,2200000,2920000,1640000,2460000,1760000,3880000,3560000,2280000,2700000,1440000,2540000,3170000,2300000,5000000,1400000,3100000,3290000,4360000,5390000,5390000,6090000,5990000,4320000,5270000,3300000,3510000,5160000,5930000,6230000,5280000,5630000,6300000,5010000,2680000,4740000,3900000,4830000,4600000,4210000,2700000,2900000,3620000
Tajikistan,,,,,,,,,,,,,,,,,,,,,,,,,,,,,,,,272000,267000,215000,242000,387000,559000,491000,474000,545000,478000,688000,866000,860000,903000,893000,907000,910000,1400000,1380000,1030000,1180000,1330000,1260000,1320000,1370000
Tanzania,1020000,1030000,1380000,1130000,1120000,1350000,1160000,985000,1090000,1000000,1230000,1200000,1570000,1380000,2140000,2390000,2640000,2750000,3230000,2960000,2840000,3010000,2870000,3140000,3620000,3780000,4030000,3660000,4790000,3960000,3860000,3540000,3920000,2950000,4650000,4870000,3360000,4470000,4010000,3620000,4540000,6370000,4110000,6710000,5390000,5750000,6400000,7650000,5810000,8640000,7960000,8120000,8870000,10800000,10000000,10100000
Thailand,10800000,11900000,13000000,12600000,12300000,14800000,12500000,13800000,15200000,15900000,16200000,13800000,17400000,16100000,18400000,17900000,15700000,20500000,18800000,20600000,21500000,20100000,23400000,24500000,25600000,23400000,21400000,26200000,25200000,21200000,24500000,23900000,22000000,25300000,26400000,27100000,27600000,27800000,28700000,30500000,33800000,32800000,34300000,33400000,35000000,34100000,36700000,36600000,37300000,40900000,43400000,43400000,42000000,37800000,32800000,30400000
Timor-Leste,34300,35300,32400,28100,24800,27400,31600,34700,28500,29500,22000,24900,30800,38000,45000,49000,58000,66000,73000,80000,77000,81000,84000,92000,93000,94200,99100,97000,99300,133000,158000,135000,156000,158000,150000,159000,137000,95800,104000,139000,123000,147000,136000,117000,151000,174000,132000,180000,255000,262000,148000,182000,188000,191000,214000,196000
Togo,174000,186000,220000,228000,237000,303000,247000,245000,234000,323000,348000,283000,279000,245000,265000,234000,258000,270000,315000,296000,291000,308000,291000,440000,371000,366000,368000,504000,566000,484000,465000,495000,633000,573000,591000,687000,748000,624000,759000,741000,815000,801000,807000,799000,833000,886000,878000,935000,1060000,1050000,1060000,1270000,1310000,1310000,1250000,1260000
Trinidad and Tobago,12600,13300,13200,13100,12200,12000,12500,12200,11500,11900,14200,16000,15600,22000,24900,25400,24900,17700,20300,12700,6140,6400,6220,6950,6960,7420,9610,10500,15000,16900,19100,25500,21200,22200,14500,22100,11600,11600,4110,7230,5070,7180,4680,4720,5130,4560,6160,6180,5230,5460,6110,5620,6280,6170,5100,5050
Tunisia,562000,814000,1190000,922000,1140000,813000,683000,813000,632000,704000,836000,1230000,1130000,1110000,1270000,1080000,880000,959000,980000,1200000,1260000,1290000,951000,1050000,2100000,782000,1920000,450000,656000,1650000,2580000,2220000,1940000,679000,648000,2900000,1080000,1700000,1840000,1120000,1390000,551000,2320000,2160000,2140000,1650000,2030000,1220000,2570000,1110000,2340000,2310000,1330000,2350000,1340000,1320000
Turkey,12700000,14700000,17500000,14500000,14800000,16500000,17000000,16000000,17200000,16000000,20900000,18700000,15700000,17100000,22200000,24500000,24300000,24400000,25800000,24400000,25500000,26600000,24500000,26300000,26500000,29400000,29300000,30900000,23500000,30200000,31100000,29100000,31700000,27000000,28200000,29300000,29700000,33200000,28900000,32200000,29600000,30800000,30800000,34100000,36500000,34600000,29300000,29300000,33600000,32800000,35200000,33400000,37500000,32700000,38600000,35300000
Turkmenistan,,,,,,,,,,,,,,,,,,,,,,,,,,,,,,,,732000,1010000,1120000,1100000,545000,759000,1280000,1570000,1750000,1830000,2460000,2670000,2790000,3040000,3490000,1120000,1030000,1450000,1540000,1200000,1390000,1810000,1410000,1620000,1800000
Uganda,895000,902000,913000,923000,1060000,1070000,1080000,1290000,1620000,1650000,1450000,1540000,1470000,1390000,1750000,1680000,1520000,1550000,1270000,1080000,1170000,1090000,1400000,944000,1170000,1060000,1220000,1400000,1640000,1580000,1580000,1740000,1880000,1940000,2030000,1590000,1630000,2090000,2180000,2110000,2310000,2370000,2510000,2270000,2530000,2560000,2630000,3130000,3200000,3270000,3500000,3550000,3510000,3560000,3440000,3480000
Ukraine,,,,,,,,,,,,,,,,,,,,,,,,,,,,,,,,35600000,42700000,32900000,32400000,23400000,34400000,25700000,24000000,23800000,38900000,38000000,27500000,41000000,37300000,33500000,28900000,52700000,45400000,38700000,56300000,45700000,62700000,63400000,59600000,65200000
United Arab Emirates,0,0,0,0,0,0,0,0,0,0,0,0,0,0,0,0,14,242,785,906,757,1780,1280,1540,1300,1180,874,544,1200,2880,6030,6860,4510,4950,4970,4700,4500,4180,3940,3980,3640,3270,2690,2570,2520,2530,1860,2380,3450,5370,4080,3950,979,2790,3910,3630
United Kingdom,9720000,11800000,11400000,12800000,13700000,13400000,14600000,13100000,13600000,13300000,15000000,15500000,15300000,16400000,13900000,13300000,16700000,17300000,17400000,19500000,19600000,21900000,21300000,26600000,22500000,24500000,21700000,21100000,22700000,22600000,22600000,22100000,19500000,19900000,21900000,24500000,23500000,22800000,22100000,24000000,19000000,23000000,21500000,22000000,21000000,20800000,19100000,24300000,21600000,20900000,21500000,19500000,20100000,24500000,24700000,22000000
United States,164000000,162000000,175000000,161000000,184000000,184000000,208000000,203000000,205000000,187000000,238000000,228000000,238000000,205000000,249000000,258000000,266000000,277000000,303000000,270000000,331000000,333000000,208000000,315000000,347000000,315000000,280000000,207000000,284000000,312000000,280000000,353000000,259000000,356000000,278000000,336000000,337000000,349000000,335000000,343000000,325000000,297000000,348000000,389000000,366000000,338000000,415000000,402000000,419000000,401000000,386000000,356000000,434000000,443000000,432000000,476000000
Uruguay,751000,765000,597000,915000,878000,711000,451000,796000,839000,878000,756000,602000,975000,1180000,971000,1150000,741000,837000,939000,893000,1210000,1080000,1080000,1080000,1030000,898000,1020000,1300000,1490000,1120000,1070000,1560000,1490000,1510000,1810000,2220000,2060000,1960000,2190000,1850000,1720000,1610000,1830000,2520000,2280000,2650000,2680000,3600000,4250000,3340000,4440000,3570000,4060000,3560000,3730000,3600000
Uzbekistan,,,,,,,,,,,,,,,,,,,,,,,,,,,,,,,,2410000,2270000,2600000,3380000,3480000,3960000,4330000,4520000,4110000,4260000,5780000,6320000,6000000,6530000,6640000,6750000,6700000,7380000,7470000,7060000,7430000,7700000,7890000,8010000,7900000
Vanuatu,350,350,350,350,350,330,350,380,400,450,450,500,500,500,550,600,600,600,600,650,650,650,650,650,660,670,660,650,660,700,650,660,670,700,690,696,700,700,718,725,734,742,743,755,767,750,800,820,820,823,831,800,950,894,885,896
Venezuela,501000,644000,562000,644000,726000,764000,874000,928000,920000,943000,870000,679000,766000,885000,1090000,748000,1550000,1430000,1620000,1550000,1480000,1490000,1300000,1430000,1820000,2250000,2420000,2480000,1930000,1870000,2250000,1980000,2180000,2270000,2430000,2250000,2410000,2130000,2230000,2950000,3120000,2570000,3120000,3660000,3580000,4040000,4010000,4110000,3710000,3660000,3430000,3310000,3690000,3600000,2290000,1780000
Vietnam,9290000,10100000,9880000,10000000,9690000,8720000,9440000,8630000,9090000,10400000,10700000,11000000,11400000,11300000,10600000,12200000,11000000,10200000,11700000,12100000,12800000,14800000,15200000,16000000,16500000,16600000,15700000,17800000,19800000,19900000,20300000,22300000,23700000,24700000,26100000,27900000,29200000,31000000,33100000,34500000,34300000,37000000,37700000,39600000,39600000,39700000,40200000,43300000,43300000,44600000,47200000,48700000,49200000,50200000,50400000,48700000
Yemen,938000,963000,979000,1000000,996000,918000,910000,894000,892000,845000,935000,819000,928000,878000,1200000,1040000,880000,818000,901000,865000,925000,862000,471000,480000,446000,700000,716000,843000,864000,767000,448000,811000,834000,802000,810000,660000,646000,833000,694000,672000,700000,560000,418000,490000,562000,809000,1030000,714000,674000,1010000,817000,910000,863000,700000,459000,793000
Zambia,767000,749000,677000,773000,816000,892000,893000,823000,831000,688000,1070000,1380000,1030000,1240000,1620000,1740000,1740000,1470000,936000,984000,1050000,798000,983000,925000,1190000,1320000,1160000,2060000,1970000,1210000,1220000,609000,1760000,1190000,870000,1570000,1140000,798000,1000000,1210000,950000,755000,1370000,1380000,1070000,1600000,1540000,1400000,2200000,3100000,3370000,3200000,2900000,3660000,2910000,3110000
Zimbabwe,1270000,1230000,1030000,1030000,1130000,1210000,1900000,1250000,1930000,1440000,2270000,2700000,1290000,2530000,2200000,2330000,2050000,2120000,1520000,1990000,3320000,2210000,1200000,1420000,3420000,3100000,1510000,3080000,2560000,2560000,2070000,482000,2570000,2560000,1030000,2520000,1970000,1560000,1990000,1960000,1850000,855000,1360000,2870000,1610000,2490000,1860000,693000,874000,1390000,1170000,1280000,1150000,1240000,800000,1050000
